Business Name,Phone,Mockup URL,WhatsApp Message
The Drain Surgeon Cape Town Central and Atlantic Seaboard,086 175 8623,https://jeremyndebs.github.io/mockups/the-drain-surgeon-cape-town-central-and-atlantic-seaboard/,"Hey,

I'm a freelance web developer and I noticed your business doesnâ€™t have a website â€” so I built a custom one for you:

ğŸ‘‰ https://jeremyndebs.github.io/mockups/the-drain-surgeon-cape-town-central-and-atlantic-seaboard/

It's tailored for plumber in Cape Town and optimized to help you bring in more customers and show up in Google.

If you like it, I can launch it for just R2,500 â€” one-time payment, no monthly fees unless you want ongoing updates or hosting.

Let me know what you think â€” happy to tweak it for you too ğŸ‘

â€” Jeremy Hill
Freelance Web Developer"
Absolute Plumbing Cape Town,084 872 2758,https://jeremyndebs.github.io/mockups/absolute-plumbing-cape-town/,"Hey,

I'm a freelance web developer and I noticed your business doesnâ€™t have a website â€” so I built a custom one for you:

ğŸ‘‰ https://jeremyndebs.github.io/mockups/absolute-plumbing-cape-town/

It's tailored for plumber in Cape Town and optimized to help you bring in more customers and show up in Google.

If you like it, I can launch it for just R2,500 â€” one-time payment, no monthly fees unless you want ongoing updates or hosting.

Let me know what you think â€” happy to tweak it for you too ğŸ‘

â€” Jeremy Hill
Freelance Web Developer"
RS Plumbing Services,076 840 7889,https://jeremyndebs.github.io/mockups/rs-plumbing-services/,"Hey,

I'm a freelance web developer and I noticed your business doesnâ€™t have a website â€” so I built a custom one for you:

ğŸ‘‰ https://jeremyndebs.github.io/mockups/rs-plumbing-services/

It's tailored for plumber in Cape Town and optimized to help you bring in more customers and show up in Google.

If you like it, I can launch it for just R2,500 â€” one-time payment, no monthly fees unless you want ongoing updates or hosting.

Let me know what you think â€” happy to tweak it for you too ğŸ‘

â€” Jeremy Hill
Freelance Web Developer"
Combat Plumbing,073 158 8460,https://jeremyndebs.github.io/mockups/combat-plumbing/,"Hey,

I'm a freelance web developer and I noticed your business doesnâ€™t have a website â€” so I built a custom one for you:

ğŸ‘‰ https://jeremyndebs.github.io/mockups/combat-plumbing/

It's tailored for plumber in Cape Town and optimized to help you bring in more customers and show up in Google.

If you like it, I can launch it for just R2,500 â€” one-time payment, no monthly fees unless you want ongoing updates or hosting.

Let me know what you think â€” happy to tweak it for you too ğŸ‘

â€” Jeremy Hill
Freelance Web Developer"
Ray and Sons Plumbers (Pty) Ltd-Capetown,071 815 9118,https://jeremyndebs.github.io/mockups/ray-and-sons-plumbers-pty-ltd-capetown/,"Hey,

I'm a freelance web developer and I noticed your business doesnâ€™t have a website â€” so I built a custom one for you:

ğŸ‘‰ https://jeremyndebs.github.io/mockups/ray-and-sons-plumbers-pty-ltd-capetown/

It's tailored for plumber in Cape Town and optimized to help you bring in more customers and show up in Google.

If you like it, I can launch it for just R2,500 â€” one-time payment, no monthly fees unless you want ongoing updates or hosting.

Let me know what you think â€” happy to tweak it for you too ğŸ‘

â€” Jeremy Hill
Freelance Web Developer"
H2Flow Plumbing & Gas,078 448 0624,https://jeremyndebs.github.io/mockups/h2flow-plumbing--gas/,"Hey,

I'm a freelance web developer and I noticed your business doesnâ€™t have a website â€” so I built a custom one for you:

ğŸ‘‰ https://jeremyndebs.github.io/mockups/h2flow-plumbing--gas/

It's tailored for plumber in Cape Town and optimized to help you bring in more customers and show up in Google.

If you like it, I can launch it for just R2,500 â€” one-time payment, no monthly fees unless you want ongoing updates or hosting.

Let me know what you think â€” happy to tweak it for you too ğŸ‘

â€” Jeremy Hill
Freelance Web Developer"
Flush and Rush,021 300 8899,https://jeremyndebs.github.io/mockups/flush-and-rush/,"Hey,

I'm a freelance web developer and I noticed your business doesnâ€™t have a website â€” so I built a custom one for you:

ğŸ‘‰ https://jeremyndebs.github.io/mockups/flush-and-rush/

It's tailored for plumber in Cape Town and optimized to help you bring in more customers and show up in Google.

If you like it, I can launch it for just R2,500 â€” one-time payment, no monthly fees unless you want ongoing updates or hosting.

Let me know what you think â€” happy to tweak it for you too ğŸ‘

â€” Jeremy Hill
Freelance Web Developer"
Vital Plumbing,083 474 2742,https://jeremyndebs.github.io/mockups/vital-plumbing/,"Hey,

I'm a freelance web developer and I noticed your business doesnâ€™t have a website â€” so I built a custom one for you:

ğŸ‘‰ https://jeremyndebs.github.io/mockups/vital-plumbing/

It's tailored for plumber in Cape Town and optimized to help you bring in more customers and show up in Google.

If you like it, I can launch it for just R2,500 â€” one-time payment, no monthly fees unless you want ongoing updates or hosting.

Let me know what you think â€” happy to tweak it for you too ğŸ‘

â€” Jeremy Hill
Freelance Web Developer"
Plum Plumbers,082 555 2868,https://jeremyndebs.github.io/mockups/plum-plumbers/,"Hey,

I'm a freelance web developer and I noticed your business doesnâ€™t have a website â€” so I built a custom one for you:

ğŸ‘‰ https://jeremyndebs.github.io/mockups/plum-plumbers/

It's tailored for plumber in Cape Town and optimized to help you bring in more customers and show up in Google.

If you like it, I can launch it for just R2,500 â€” one-time payment, no monthly fees unless you want ongoing updates or hosting.

Let me know what you think â€” happy to tweak it for you too ğŸ‘

â€” Jeremy Hill
Freelance Web Developer"
Amazing Plumbing & Maintenance,060 224 8837,https://jeremyndebs.github.io/mockups/amazing-plumbing--maintenance/,"Hey,

I'm a freelance web developer and I noticed your business doesnâ€™t have a website â€” so I built a custom one for you:

ğŸ‘‰ https://jeremyndebs.github.io/mockups/amazing-plumbing--maintenance/

It's tailored for plumber in Cape Town and optimized to help you bring in more customers and show up in Google.

If you like it, I can launch it for just R2,500 â€” one-time payment, no monthly fees unless you want ongoing updates or hosting.

Let me know what you think â€” happy to tweak it for you too ğŸ‘

â€” Jeremy Hill
Freelance Web Developer"
Bob the Plumber,076 267 5523,https://jeremyndebs.github.io/mockups/bob-the-plumber/,"Hey,

I'm a freelance web developer and I noticed your business doesnâ€™t have a website â€” so I built a custom one for you:

ğŸ‘‰ https://jeremyndebs.github.io/mockups/bob-the-plumber/

It's tailored for plumber in Cape Town and optimized to help you bring in more customers and show up in Google.

If you like it, I can launch it for just R2,500 â€” one-time payment, no monthly fees unless you want ongoing updates or hosting.

Let me know what you think â€” happy to tweak it for you too ğŸ‘

â€” Jeremy Hill
Freelance Web Developer"
Max Plumbers,069 179 4345,https://jeremyndebs.github.io/mockups/max-plumbers/,"Hey,

I'm a freelance web developer and I noticed your business doesnâ€™t have a website â€” so I built a custom one for you:

ğŸ‘‰ https://jeremyndebs.github.io/mockups/max-plumbers/

It's tailored for plumber in Cape Town and optimized to help you bring in more customers and show up in Google.

If you like it, I can launch it for just R2,500 â€” one-time payment, no monthly fees unless you want ongoing updates or hosting.

Let me know what you think â€” happy to tweak it for you too ğŸ‘

â€” Jeremy Hill
Freelance Web Developer"
Plumbing Ways and Contractors,021 671 2012,https://jeremyndebs.github.io/mockups/plumbing-ways-and-contractors/,"Hey,

I'm a freelance web developer and I noticed your business doesnâ€™t have a website â€” so I built a custom one for you:

ğŸ‘‰ https://jeremyndebs.github.io/mockups/plumbing-ways-and-contractors/

It's tailored for plumber in Cape Town and optimized to help you bring in more customers and show up in Google.

If you like it, I can launch it for just R2,500 â€” one-time payment, no monthly fees unless you want ongoing updates or hosting.

Let me know what you think â€” happy to tweak it for you too ğŸ‘

â€” Jeremy Hill
Freelance Web Developer"
Plumbers - Cape Town,021 300 7899,https://jeremyndebs.github.io/mockups/plumbers---cape-town/,"Hey,

I'm a freelance web developer and I noticed your business doesnâ€™t have a website â€” so I built a custom one for you:

ğŸ‘‰ https://jeremyndebs.github.io/mockups/plumbers---cape-town/

It's tailored for plumber in Cape Town and optimized to help you bring in more customers and show up in Google.

If you like it, I can launch it for just R2,500 â€” one-time payment, no monthly fees unless you want ongoing updates or hosting.

Let me know what you think â€” happy to tweak it for you too ğŸ‘

â€” Jeremy Hill
Freelance Web Developer"
02 plumbing,079 732 0984,https://jeremyndebs.github.io/mockups/02-plumbing/,"Hey,

I'm a freelance web developer and I noticed your business doesnâ€™t have a website â€” so I built a custom one for you:

ğŸ‘‰ https://jeremyndebs.github.io/mockups/02-plumbing/

It's tailored for plumber in Cape Town and optimized to help you bring in more customers and show up in Google.

If you like it, I can launch it for just R2,500 â€” one-time payment, no monthly fees unless you want ongoing updates or hosting.

Let me know what you think â€” happy to tweak it for you too ğŸ‘

â€” Jeremy Hill
Freelance Web Developer"
Divine Touch Plumbing and Drain Cleaning,071 841 2687,https://jeremyndebs.github.io/mockups/divine-touch-plumbing-and-drain-cleaning/,"Hey,

I'm a freelance web developer and I noticed your business doesnâ€™t have a website â€” so I built a custom one for you:

ğŸ‘‰ https://jeremyndebs.github.io/mockups/divine-touch-plumbing-and-drain-cleaning/

It's tailored for plumber in Cape Town and optimized to help you bring in more customers and show up in Google.

If you like it, I can launch it for just R2,500 â€” one-time payment, no monthly fees unless you want ongoing updates or hosting.

Let me know what you think â€” happy to tweak it for you too ğŸ‘

â€” Jeremy Hill
Freelance Web Developer"
John The Plumber Pty Ltd,078 118 9646,https://jeremyndebs.github.io/mockups/john-the-plumber-pty-ltd/,"Hey,

I'm a freelance web developer and I noticed your business doesnâ€™t have a website â€” so I built a custom one for you:

ğŸ‘‰ https://jeremyndebs.github.io/mockups/john-the-plumber-pty-ltd/

It's tailored for plumber in Cape Town and optimized to help you bring in more customers and show up in Google.

If you like it, I can launch it for just R2,500 â€” one-time payment, no monthly fees unless you want ongoing updates or hosting.

Let me know what you think â€” happy to tweak it for you too ğŸ‘

â€” Jeremy Hill
Freelance Web Developer"
Jaf Plumbers and Renovations,073 138 7158,https://jeremyndebs.github.io/mockups/jaf-plumbers-and-renovations/,"Hey,

I'm a freelance web developer and I noticed your business doesnâ€™t have a website â€” so I built a custom one for you:

ğŸ‘‰ https://jeremyndebs.github.io/mockups/jaf-plumbers-and-renovations/

It's tailored for plumber in Cape Town and optimized to help you bring in more customers and show up in Google.

If you like it, I can launch it for just R2,500 â€” one-time payment, no monthly fees unless you want ongoing updates or hosting.

Let me know what you think â€” happy to tweak it for you too ğŸ‘

â€” Jeremy Hill
Freelance Web Developer"
Woodstock Plumbers,081 799 2233,https://jeremyndebs.github.io/mockups/woodstock-plumbers/,"Hey,

I'm a freelance web developer and I noticed your business doesnâ€™t have a website â€” so I built a custom one for you:

ğŸ‘‰ https://jeremyndebs.github.io/mockups/woodstock-plumbers/

It's tailored for plumber in Cape Town and optimized to help you bring in more customers and show up in Google.

If you like it, I can launch it for just R2,500 â€” one-time payment, no monthly fees unless you want ongoing updates or hosting.

Let me know what you think â€” happy to tweak it for you too ğŸ‘

â€” Jeremy Hill
Freelance Web Developer"
Pampered Paws Sea Point,021 434 4441,https://jeremyndebs.github.io/mockups/pampered-paws-sea-point/,"Hey,

I'm a freelance web developer and I noticed your business doesnâ€™t have a website â€” so I built a custom one for you:

ğŸ‘‰ https://jeremyndebs.github.io/mockups/pampered-paws-sea-point/

It's tailored for pet groomer in Cape Town and optimized to help you bring in more customers and show up in Google.

If you like it, I can launch it for just R2,500 â€” one-time payment, no monthly fees unless you want ongoing updates or hosting.

Let me know what you think â€” happy to tweak it for you too ğŸ‘

â€” Jeremy Hill
Freelance Web Developer"
Jeni's Pet Parlour,021 685 2982,https://jeremyndebs.github.io/mockups/jenis-pet-parlour/,"Hey,

I'm a freelance web developer and I noticed your business doesnâ€™t have a website â€” so I built a custom one for you:

ğŸ‘‰ https://jeremyndebs.github.io/mockups/jenis-pet-parlour/

It's tailored for pet groomer in Cape Town and optimized to help you bring in more customers and show up in Google.

If you like it, I can launch it for just R2,500 â€” one-time payment, no monthly fees unless you want ongoing updates or hosting.

Let me know what you think â€” happy to tweak it for you too ğŸ‘

â€” Jeremy Hill
Freelance Web Developer"
Just Groom it - Pet Grooming service,081 460 0041,https://jeremyndebs.github.io/mockups/just-groom-it---pet-grooming-service/,"Hey,

I'm a freelance web developer and I noticed your business doesnâ€™t have a website â€” so I built a custom one for you:

ğŸ‘‰ https://jeremyndebs.github.io/mockups/just-groom-it---pet-grooming-service/

It's tailored for pet groomer in Cape Town and optimized to help you bring in more customers and show up in Google.

If you like it, I can launch it for just R2,500 â€” one-time payment, no monthly fees unless you want ongoing updates or hosting.

Let me know what you think â€” happy to tweak it for you too ğŸ‘

â€” Jeremy Hill
Freelance Web Developer"
"The Fluffia Pet Grooming Specialists for Dogs & Cats, Cape Town",021 671 3589,https://jeremyndebs.github.io/mockups/the-fluffia-pet-grooming-specialists-for-dogs--cats-cape-town/,"Hey,

I'm a freelance web developer and I noticed your business doesnâ€™t have a website â€” so I built a custom one for you:

ğŸ‘‰ https://jeremyndebs.github.io/mockups/the-fluffia-pet-grooming-specialists-for-dogs--cats-cape-town/

It's tailored for pet groomer in Cape Town and optimized to help you bring in more customers and show up in Google.

If you like it, I can launch it for just R2,500 â€” one-time payment, no monthly fees unless you want ongoing updates or hosting.

Let me know what you think â€” happy to tweak it for you too ğŸ‘

â€” Jeremy Hill
Freelance Web Developer"
Lovely pets grooming parlour & Mobile services,073 335 4439,https://jeremyndebs.github.io/mockups/lovely-pets-grooming-parlour--mobile-services/,"Hey,

I'm a freelance web developer and I noticed your business doesnâ€™t have a website â€” so I built a custom one for you:

ğŸ‘‰ https://jeremyndebs.github.io/mockups/lovely-pets-grooming-parlour--mobile-services/

It's tailored for pet groomer in Cape Town and optimized to help you bring in more customers and show up in Google.

If you like it, I can launch it for just R2,500 â€” one-time payment, no monthly fees unless you want ongoing updates or hosting.

Let me know what you think â€” happy to tweak it for you too ğŸ‘

â€” Jeremy Hill
Freelance Web Developer"
Tip Top Dog Groomers - Gardens,072 212 9448,https://jeremyndebs.github.io/mockups/tip-top-dog-groomers---gardens/,"Hey,

I'm a freelance web developer and I noticed your business doesnâ€™t have a website â€” so I built a custom one for you:

ğŸ‘‰ https://jeremyndebs.github.io/mockups/tip-top-dog-groomers---gardens/

It's tailored for pet groomer in Cape Town and optimized to help you bring in more customers and show up in Google.

If you like it, I can launch it for just R2,500 â€” one-time payment, no monthly fees unless you want ongoing updates or hosting.

Let me know what you think â€” happy to tweak it for you too ğŸ‘

â€” Jeremy Hill
Freelance Web Developer"
Pampered Paws Claremont,021 012 5810,https://jeremyndebs.github.io/mockups/pampered-paws-claremont/,"Hey,

I'm a freelance web developer and I noticed your business doesnâ€™t have a website â€” so I built a custom one for you:

ğŸ‘‰ https://jeremyndebs.github.io/mockups/pampered-paws-claremont/

It's tailored for pet groomer in Cape Town and optimized to help you bring in more customers and show up in Google.

If you like it, I can launch it for just R2,500 â€” one-time payment, no monthly fees unless you want ongoing updates or hosting.

Let me know what you think â€” happy to tweak it for you too ğŸ‘

â€” Jeremy Hill
Freelance Web Developer"
Fab-U Pet Grooming,067 110 0779,https://jeremyndebs.github.io/mockups/fab-u-pet-grooming/,"Hey,

I'm a freelance web developer and I noticed your business doesnâ€™t have a website â€” so I built a custom one for you:

ğŸ‘‰ https://jeremyndebs.github.io/mockups/fab-u-pet-grooming/

It's tailored for pet groomer in Cape Town and optimized to help you bring in more customers and show up in Google.

If you like it, I can launch it for just R2,500 â€” one-time payment, no monthly fees unless you want ongoing updates or hosting.

Let me know what you think â€” happy to tweak it for you too ğŸ‘

â€” Jeremy Hill
Freelance Web Developer"
Loving Care Doggie Boutique,021 939 1443,https://jeremyndebs.github.io/mockups/loving-care-doggie-boutique/,"Hey,

I'm a freelance web developer and I noticed your business doesnâ€™t have a website â€” so I built a custom one for you:

ğŸ‘‰ https://jeremyndebs.github.io/mockups/loving-care-doggie-boutique/

It's tailored for pet groomer in Cape Town and optimized to help you bring in more customers and show up in Google.

If you like it, I can launch it for just R2,500 â€” one-time payment, no monthly fees unless you want ongoing updates or hosting.

Let me know what you think â€” happy to tweak it for you too ğŸ‘

â€” Jeremy Hill
Freelance Web Developer"
The Dog Box,021 439 4490,https://jeremyndebs.github.io/mockups/the-dog-box/,"Hey,

I'm a freelance web developer and I noticed your business doesnâ€™t have a website â€” so I built a custom one for you:

ğŸ‘‰ https://jeremyndebs.github.io/mockups/the-dog-box/

It's tailored for pet groomer in Cape Town and optimized to help you bring in more customers and show up in Google.

If you like it, I can launch it for just R2,500 â€” one-time payment, no monthly fees unless you want ongoing updates or hosting.

Let me know what you think â€” happy to tweak it for you too ğŸ‘

â€” Jeremy Hill
Freelance Web Developer"
Absolute Pets Pet Spa,021 461 4333,https://jeremyndebs.github.io/mockups/absolute-pets-pet-spa/,"Hey,

I'm a freelance web developer and I noticed your business doesnâ€™t have a website â€” so I built a custom one for you:

ğŸ‘‰ https://jeremyndebs.github.io/mockups/absolute-pets-pet-spa/

It's tailored for pet groomer in Cape Town and optimized to help you bring in more customers and show up in Google.

If you like it, I can launch it for just R2,500 â€” one-time payment, no monthly fees unless you want ongoing updates or hosting.

Let me know what you think â€” happy to tweak it for you too ğŸ‘

â€” Jeremy Hill
Freelance Web Developer"
atFrits Dog Hotel & Daycare Centre,021 200 4244,https://jeremyndebs.github.io/mockups/atfrits-dog-hotel--daycare-centre/,"Hey,

I'm a freelance web developer and I noticed your business doesnâ€™t have a website â€” so I built a custom one for you:

ğŸ‘‰ https://jeremyndebs.github.io/mockups/atfrits-dog-hotel--daycare-centre/

It's tailored for pet groomer in Cape Town and optimized to help you bring in more customers and show up in Google.

If you like it, I can launch it for just R2,500 â€” one-time payment, no monthly fees unless you want ongoing updates or hosting.

Let me know what you think â€” happy to tweak it for you too ğŸ‘

â€” Jeremy Hill
Freelance Web Developer"
The Pet Parlour,060 898 6956,https://jeremyndebs.github.io/mockups/the-pet-parlour/,"Hey,

I'm a freelance web developer and I noticed your business doesnâ€™t have a website â€” so I built a custom one for you:

ğŸ‘‰ https://jeremyndebs.github.io/mockups/the-pet-parlour/

It's tailored for pet groomer in Cape Town and optimized to help you bring in more customers and show up in Google.

If you like it, I can launch it for just R2,500 â€” one-time payment, no monthly fees unless you want ongoing updates or hosting.

Let me know what you think â€” happy to tweak it for you too ğŸ‘

â€” Jeremy Hill
Freelance Web Developer"
Parlor Dog,082 098 8331,https://jeremyndebs.github.io/mockups/parlor-dog/,"Hey,

I'm a freelance web developer and I noticed your business doesnâ€™t have a website â€” so I built a custom one for you:

ğŸ‘‰ https://jeremyndebs.github.io/mockups/parlor-dog/

It's tailored for pet groomer in Cape Town and optimized to help you bring in more customers and show up in Google.

If you like it, I can launch it for just R2,500 â€” one-time payment, no monthly fees unless you want ongoing updates or hosting.

Let me know what you think â€” happy to tweak it for you too ğŸ‘

â€” Jeremy Hill
Freelance Web Developer"
Ruff Diamonds Dog Grooming,063 641 2231,https://jeremyndebs.github.io/mockups/ruff-diamonds-dog-grooming/,"Hey,

I'm a freelance web developer and I noticed your business doesnâ€™t have a website â€” so I built a custom one for you:

ğŸ‘‰ https://jeremyndebs.github.io/mockups/ruff-diamonds-dog-grooming/

It's tailored for pet groomer in Cape Town and optimized to help you bring in more customers and show up in Google.

If you like it, I can launch it for just R2,500 â€” one-time payment, no monthly fees unless you want ongoing updates or hosting.

Let me know what you think â€” happy to tweak it for you too ğŸ‘

â€” Jeremy Hill
Freelance Web Developer"
Happy Hounds,064 874 5244,https://jeremyndebs.github.io/mockups/happy-hounds/,"Hey,

I'm a freelance web developer and I noticed your business doesnâ€™t have a website â€” so I built a custom one for you:

ğŸ‘‰ https://jeremyndebs.github.io/mockups/happy-hounds/

It's tailored for pet groomer in Cape Town and optimized to help you bring in more customers and show up in Google.

If you like it, I can launch it for just R2,500 â€” one-time payment, no monthly fees unless you want ongoing updates or hosting.

Let me know what you think â€” happy to tweak it for you too ğŸ‘

â€” Jeremy Hill
Freelance Web Developer"
The Pet Groomers,079 515 4745,https://jeremyndebs.github.io/mockups/the-pet-groomers/,"Hey,

I'm a freelance web developer and I noticed your business doesnâ€™t have a website â€” so I built a custom one for you:

ğŸ‘‰ https://jeremyndebs.github.io/mockups/the-pet-groomers/

It's tailored for pet groomer in Cape Town and optimized to help you bring in more customers and show up in Google.

If you like it, I can launch it for just R2,500 â€” one-time payment, no monthly fees unless you want ongoing updates or hosting.

Let me know what you think â€” happy to tweak it for you too ğŸ‘

â€” Jeremy Hill
Freelance Web Developer"
Tip Top Dog & Cat Groomers,021 790 7436,https://jeremyndebs.github.io/mockups/tip-top-dog--cat-groomers/,"Hey,

I'm a freelance web developer and I noticed your business doesnâ€™t have a website â€” so I built a custom one for you:

ğŸ‘‰ https://jeremyndebs.github.io/mockups/tip-top-dog--cat-groomers/

It's tailored for pet groomer in Cape Town and optimized to help you bring in more customers and show up in Google.

If you like it, I can launch it for just R2,500 â€” one-time payment, no monthly fees unless you want ongoing updates or hosting.

Let me know what you think â€” happy to tweak it for you too ğŸ‘

â€” Jeremy Hill
Freelance Web Developer"
Petworld Express Sea Point,021 433 0439,https://jeremyndebs.github.io/mockups/petworld-express-sea-point/,"Hey,

I'm a freelance web developer and I noticed your business doesnâ€™t have a website â€” so I built a custom one for you:

ğŸ‘‰ https://jeremyndebs.github.io/mockups/petworld-express-sea-point/

It's tailored for pet groomer in Cape Town and optimized to help you bring in more customers and show up in Google.

If you like it, I can launch it for just R2,500 â€” one-time payment, no monthly fees unless you want ongoing updates or hosting.

Let me know what you think â€” happy to tweak it for you too ğŸ‘

â€” Jeremy Hill
Freelance Web Developer"
Groomers Dog Parlour,021 797 0219,https://jeremyndebs.github.io/mockups/groomers-dog-parlour/,"Hey,

I'm a freelance web developer and I noticed your business doesnâ€™t have a website â€” so I built a custom one for you:

ğŸ‘‰ https://jeremyndebs.github.io/mockups/groomers-dog-parlour/

It's tailored for pet groomer in Cape Town and optimized to help you bring in more customers and show up in Google.

If you like it, I can launch it for just R2,500 â€” one-time payment, no monthly fees unless you want ongoing updates or hosting.

Let me know what you think â€” happy to tweak it for you too ğŸ‘

â€” Jeremy Hill
Freelance Web Developer"
Accountability Professional Accountants Pty Ltd,021 462 7537,https://jeremyndebs.github.io/mockups/accountability-professional-accountants-pty-ltd/,"Hey,

I'm a freelance web developer and I noticed your business doesnâ€™t have a website â€” so I built a custom one for you:

ğŸ‘‰ https://jeremyndebs.github.io/mockups/accountability-professional-accountants-pty-ltd/

It's tailored for accountant in Cape Town and optimized to help you bring in more customers and show up in Google.

If you like it, I can launch it for just R2,500 â€” one-time payment, no monthly fees unless you want ongoing updates or hosting.

Let me know what you think â€” happy to tweak it for you too ğŸ‘

â€” Jeremy Hill
Freelance Web Developer"
MMS Cloud Accounting Cape Town,021 003 8150,https://jeremyndebs.github.io/mockups/mms-cloud-accounting-cape-town/,"Hey,

I'm a freelance web developer and I noticed your business doesnâ€™t have a website â€” so I built a custom one for you:

ğŸ‘‰ https://jeremyndebs.github.io/mockups/mms-cloud-accounting-cape-town/

It's tailored for accountant in Cape Town and optimized to help you bring in more customers and show up in Google.

If you like it, I can launch it for just R2,500 â€” one-time payment, no monthly fees unless you want ongoing updates or hosting.

Let me know what you think â€” happy to tweak it for you too ğŸ‘

â€” Jeremy Hill
Freelance Web Developer"
SMTAX,021 201 1398,https://jeremyndebs.github.io/mockups/smtax/,"Hey,

I'm a freelance web developer and I noticed your business doesnâ€™t have a website â€” so I built a custom one for you:

ğŸ‘‰ https://jeremyndebs.github.io/mockups/smtax/

It's tailored for accountant in Cape Town and optimized to help you bring in more customers and show up in Google.

If you like it, I can launch it for just R2,500 â€” one-time payment, no monthly fees unless you want ongoing updates or hosting.

Let me know what you think â€” happy to tweak it for you too ğŸ‘

â€” Jeremy Hill
Freelance Web Developer"
Thryv Accountants (Pty) Ltd,073 142 1010,https://jeremyndebs.github.io/mockups/thryv-accountants-pty-ltd/,"Hey,

I'm a freelance web developer and I noticed your business doesnâ€™t have a website â€” so I built a custom one for you:

ğŸ‘‰ https://jeremyndebs.github.io/mockups/thryv-accountants-pty-ltd/

It's tailored for accountant in Cape Town and optimized to help you bring in more customers and show up in Google.

If you like it, I can launch it for just R2,500 â€” one-time payment, no monthly fees unless you want ongoing updates or hosting.

Let me know what you think â€” happy to tweak it for you too ğŸ‘

â€” Jeremy Hill
Freelance Web Developer"
Accounting Advisory Pty Ltd Cape Town,021 403 6300,https://jeremyndebs.github.io/mockups/accounting-advisory-pty-ltd-cape-town/,"Hey,

I'm a freelance web developer and I noticed your business doesnâ€™t have a website â€” so I built a custom one for you:

ğŸ‘‰ https://jeremyndebs.github.io/mockups/accounting-advisory-pty-ltd-cape-town/

It's tailored for accountant in Cape Town and optimized to help you bring in more customers and show up in Google.

If you like it, I can launch it for just R2,500 â€” one-time payment, no monthly fees unless you want ongoing updates or hosting.

Let me know what you think â€” happy to tweak it for you too ğŸ‘

â€” Jeremy Hill
Freelance Web Developer"
Xena Accounting,021 203 0044,https://jeremyndebs.github.io/mockups/xena-accounting/,"Hey,

I'm a freelance web developer and I noticed your business doesnâ€™t have a website â€” so I built a custom one for you:

ğŸ‘‰ https://jeremyndebs.github.io/mockups/xena-accounting/

It's tailored for accountant in Cape Town and optimized to help you bring in more customers and show up in Google.

If you like it, I can launch it for just R2,500 â€” one-time payment, no monthly fees unless you want ongoing updates or hosting.

Let me know what you think â€” happy to tweak it for you too ğŸ‘

â€” Jeremy Hill
Freelance Web Developer"
Rushaan Toefy Financial Services,021 421 2870,https://jeremyndebs.github.io/mockups/rushaan-toefy-financial-services/,"Hey,

I'm a freelance web developer and I noticed your business doesnâ€™t have a website â€” so I built a custom one for you:

ğŸ‘‰ https://jeremyndebs.github.io/mockups/rushaan-toefy-financial-services/

It's tailored for accountant in Cape Town and optimized to help you bring in more customers and show up in Google.

If you like it, I can launch it for just R2,500 â€” one-time payment, no monthly fees unless you want ongoing updates or hosting.

Let me know what you think â€” happy to tweak it for you too ğŸ‘

â€” Jeremy Hill
Freelance Web Developer"
FinServe Group,0860 994 094,https://jeremyndebs.github.io/mockups/finserve-group/,"Hey,

I'm a freelance web developer and I noticed your business doesnâ€™t have a website â€” so I built a custom one for you:

ğŸ‘‰ https://jeremyndebs.github.io/mockups/finserve-group/

It's tailored for accountant in Cape Town and optimized to help you bring in more customers and show up in Google.

If you like it, I can launch it for just R2,500 â€” one-time payment, no monthly fees unless you want ongoing updates or hosting.

Let me know what you think â€” happy to tweak it for you too ğŸ‘

â€” Jeremy Hill
Freelance Web Developer"
Outsourced CFO,021 201 2260,https://jeremyndebs.github.io/mockups/outsourced-cfo/,"Hey,

I'm a freelance web developer and I noticed your business doesnâ€™t have a website â€” so I built a custom one for you:

ğŸ‘‰ https://jeremyndebs.github.io/mockups/outsourced-cfo/

It's tailored for accountant in Cape Town and optimized to help you bring in more customers and show up in Google.

If you like it, I can launch it for just R2,500 â€” one-time payment, no monthly fees unless you want ongoing updates or hosting.

Let me know what you think â€” happy to tweak it for you too ğŸ‘

â€” Jeremy Hill
Freelance Web Developer"
Baker Tilly Greenwoods,021 410 8500,https://jeremyndebs.github.io/mockups/baker-tilly-greenwoods/,"Hey,

I'm a freelance web developer and I noticed your business doesnâ€™t have a website â€” so I built a custom one for you:

ğŸ‘‰ https://jeremyndebs.github.io/mockups/baker-tilly-greenwoods/

It's tailored for accountant in Cape Town and optimized to help you bring in more customers and show up in Google.

If you like it, I can launch it for just R2,500 â€” one-time payment, no monthly fees unless you want ongoing updates or hosting.

Let me know what you think â€” happy to tweak it for you too ğŸ‘

â€” Jeremy Hill
Freelance Web Developer"
Prestige Accounting & Tax Services,021 403 6398,https://jeremyndebs.github.io/mockups/prestige-accounting--tax-services/,"Hey,

I'm a freelance web developer and I noticed your business doesnâ€™t have a website â€” so I built a custom one for you:

ğŸ‘‰ https://jeremyndebs.github.io/mockups/prestige-accounting--tax-services/

It's tailored for accountant in Cape Town and optimized to help you bring in more customers and show up in Google.

If you like it, I can launch it for just R2,500 â€” one-time payment, no monthly fees unless you want ongoing updates or hosting.

Let me know what you think â€” happy to tweak it for you too ğŸ‘

â€” Jeremy Hill
Freelance Web Developer"
Creative CFO,021 448 8193,https://jeremyndebs.github.io/mockups/creative-cfo/,"Hey,

I'm a freelance web developer and I noticed your business doesnâ€™t have a website â€” so I built a custom one for you:

ğŸ‘‰ https://jeremyndebs.github.io/mockups/creative-cfo/

It's tailored for accountant in Cape Town and optimized to help you bring in more customers and show up in Google.

If you like it, I can launch it for just R2,500 â€” one-time payment, no monthly fees unless you want ongoing updates or hosting.

Let me know what you think â€” happy to tweak it for you too ğŸ‘

â€” Jeremy Hill
Freelance Web Developer"
Mint Accounting and Tax Advisory,021 461 5343,https://jeremyndebs.github.io/mockups/mint-accounting-and-tax-advisory/,"Hey,

I'm a freelance web developer and I noticed your business doesnâ€™t have a website â€” so I built a custom one for you:

ğŸ‘‰ https://jeremyndebs.github.io/mockups/mint-accounting-and-tax-advisory/

It's tailored for accountant in Cape Town and optimized to help you bring in more customers and show up in Google.

If you like it, I can launch it for just R2,500 â€” one-time payment, no monthly fees unless you want ongoing updates or hosting.

Let me know what you think â€” happy to tweak it for you too ğŸ‘

â€” Jeremy Hill
Freelance Web Developer"
RAS Accounting Services Cape Town,082 550 5797,https://jeremyndebs.github.io/mockups/ras-accounting-services-cape-town/,"Hey,

I'm a freelance web developer and I noticed your business doesnâ€™t have a website â€” so I built a custom one for you:

ğŸ‘‰ https://jeremyndebs.github.io/mockups/ras-accounting-services-cape-town/

It's tailored for accountant in Cape Town and optimized to help you bring in more customers and show up in Google.

If you like it, I can launch it for just R2,500 â€” one-time payment, no monthly fees unless you want ongoing updates or hosting.

Let me know what you think â€” happy to tweak it for you too ğŸ‘

â€” Jeremy Hill
Freelance Web Developer"
Crowe HZK,021 481 7000,https://jeremyndebs.github.io/mockups/crowe-hzk/,"Hey,

I'm a freelance web developer and I noticed your business doesnâ€™t have a website â€” so I built a custom one for you:

ğŸ‘‰ https://jeremyndebs.github.io/mockups/crowe-hzk/

It's tailored for accountant in Cape Town and optimized to help you bring in more customers and show up in Google.

If you like it, I can launch it for just R2,500 â€” one-time payment, no monthly fees unless you want ongoing updates or hosting.

Let me know what you think â€” happy to tweak it for you too ğŸ‘

â€” Jeremy Hill
Freelance Web Developer"
Zeelie Professional Accountants SA - Head Office Cape Town,021 180 4616,https://jeremyndebs.github.io/mockups/zeelie-professional-accountants-sa---head-office-cape-town/,"Hey,

I'm a freelance web developer and I noticed your business doesnâ€™t have a website â€” so I built a custom one for you:

ğŸ‘‰ https://jeremyndebs.github.io/mockups/zeelie-professional-accountants-sa---head-office-cape-town/

It's tailored for accountant in Cape Town and optimized to help you bring in more customers and show up in Google.

If you like it, I can launch it for just R2,500 â€” one-time payment, no monthly fees unless you want ongoing updates or hosting.

Let me know what you think â€” happy to tweak it for you too ğŸ‘

â€” Jeremy Hill
Freelance Web Developer"
Cecil Kilpin & Company,021 527 4060,https://jeremyndebs.github.io/mockups/cecil-kilpin--company/,"Hey,

I'm a freelance web developer and I noticed your business doesnâ€™t have a website â€” so I built a custom one for you:

ğŸ‘‰ https://jeremyndebs.github.io/mockups/cecil-kilpin--company/

It's tailored for accountant in Cape Town and optimized to help you bring in more customers and show up in Google.

If you like it, I can launch it for just R2,500 â€” one-time payment, no monthly fees unless you want ongoing updates or hosting.

Let me know what you think â€” happy to tweak it for you too ğŸ‘

â€” Jeremy Hill
Freelance Web Developer"
Pinto Russell Chartered Accountants,021 424 5225,https://jeremyndebs.github.io/mockups/pinto-russell-chartered-accountants/,"Hey,

I'm a freelance web developer and I noticed your business doesnâ€™t have a website â€” so I built a custom one for you:

ğŸ‘‰ https://jeremyndebs.github.io/mockups/pinto-russell-chartered-accountants/

It's tailored for accountant in Cape Town and optimized to help you bring in more customers and show up in Google.

If you like it, I can launch it for just R2,500 â€” one-time payment, no monthly fees unless you want ongoing updates or hosting.

Let me know what you think â€” happy to tweak it for you too ğŸ‘

â€” Jeremy Hill
Freelance Web Developer"
Bizztax Accountants,021 403 6372,https://jeremyndebs.github.io/mockups/bizztax-accountants/,"Hey,

I'm a freelance web developer and I noticed your business doesnâ€™t have a website â€” so I built a custom one for you:

ğŸ‘‰ https://jeremyndebs.github.io/mockups/bizztax-accountants/

It's tailored for accountant in Cape Town and optimized to help you bring in more customers and show up in Google.

If you like it, I can launch it for just R2,500 â€” one-time payment, no monthly fees unless you want ongoing updates or hosting.

Let me know what you think â€” happy to tweak it for you too ğŸ‘

â€” Jeremy Hill
Freelance Web Developer"
Migal Vanas Photography,082 339 0237,https://jeremyndebs.github.io/mockups/migal-vanas-photography/,"Hey,

I'm a freelance web developer and I noticed your business doesnâ€™t have a website â€” so I built a custom one for you:

ğŸ‘‰ https://jeremyndebs.github.io/mockups/migal-vanas-photography/

It's tailored for photographer in Cape Town and optimized to help you bring in more customers and show up in Google.

If you like it, I can launch it for just R2,500 â€” one-time payment, no monthly fees unless you want ongoing updates or hosting.

Let me know what you think â€” happy to tweak it for you too ğŸ‘

â€” Jeremy Hill
Freelance Web Developer"
Nash Empire Photography,064 377 6182,https://jeremyndebs.github.io/mockups/nash-empire-photography/,"Hey,

I'm a freelance web developer and I noticed your business doesnâ€™t have a website â€” so I built a custom one for you:

ğŸ‘‰ https://jeremyndebs.github.io/mockups/nash-empire-photography/

It's tailored for photographer in Cape Town and optimized to help you bring in more customers and show up in Google.

If you like it, I can launch it for just R2,500 â€” one-time payment, no monthly fees unless you want ongoing updates or hosting.

Let me know what you think â€” happy to tweak it for you too ğŸ‘

â€” Jeremy Hill
Freelance Web Developer"
The Studio,073 623 5256,https://jeremyndebs.github.io/mockups/the-studio/,"Hey,

I'm a freelance web developer and I noticed your business doesnâ€™t have a website â€” so I built a custom one for you:

ğŸ‘‰ https://jeremyndebs.github.io/mockups/the-studio/

It's tailored for photographer in Cape Town and optimized to help you bring in more customers and show up in Google.

If you like it, I can launch it for just R2,500 â€” one-time payment, no monthly fees unless you want ongoing updates or hosting.

Let me know what you think â€” happy to tweak it for you too ğŸ‘

â€” Jeremy Hill
Freelance Web Developer"
Marlow Photography (PTY),078 692 6507,https://jeremyndebs.github.io/mockups/marlow-photography-pty/,"Hey,

I'm a freelance web developer and I noticed your business doesnâ€™t have a website â€” so I built a custom one for you:

ğŸ‘‰ https://jeremyndebs.github.io/mockups/marlow-photography-pty/

It's tailored for photographer in Cape Town and optimized to help you bring in more customers and show up in Google.

If you like it, I can launch it for just R2,500 â€” one-time payment, no monthly fees unless you want ongoing updates or hosting.

Let me know what you think â€” happy to tweak it for you too ğŸ‘

â€” Jeremy Hill
Freelance Web Developer"
DLPHOTO Photography School & Studio,079 777 2772,https://jeremyndebs.github.io/mockups/dlphoto-photography-school--studio/,"Hey,

I'm a freelance web developer and I noticed your business doesnâ€™t have a website â€” so I built a custom one for you:

ğŸ‘‰ https://jeremyndebs.github.io/mockups/dlphoto-photography-school--studio/

It's tailored for photographer in Cape Town and optimized to help you bring in more customers and show up in Google.

If you like it, I can launch it for just R2,500 â€” one-time payment, no monthly fees unless you want ongoing updates or hosting.

Let me know what you think â€” happy to tweak it for you too ğŸ‘

â€” Jeremy Hill
Freelance Web Developer"
Headshots Cape Town,083 711 1099,https://jeremyndebs.github.io/mockups/headshots-cape-town/,"Hey,

I'm a freelance web developer and I noticed your business doesnâ€™t have a website â€” so I built a custom one for you:

ğŸ‘‰ https://jeremyndebs.github.io/mockups/headshots-cape-town/

It's tailored for photographer in Cape Town and optimized to help you bring in more customers and show up in Google.

If you like it, I can launch it for just R2,500 â€” one-time payment, no monthly fees unless you want ongoing updates or hosting.

Let me know what you think â€” happy to tweak it for you too ğŸ‘

â€” Jeremy Hill
Freelance Web Developer"
Samantha Jackson Photography,079 405 2980,https://jeremyndebs.github.io/mockups/samantha-jackson-photography/,"Hey,

I'm a freelance web developer and I noticed your business doesnâ€™t have a website â€” so I built a custom one for you:

ğŸ‘‰ https://jeremyndebs.github.io/mockups/samantha-jackson-photography/

It's tailored for photographer in Cape Town and optimized to help you bring in more customers and show up in Google.

If you like it, I can launch it for just R2,500 â€” one-time payment, no monthly fees unless you want ongoing updates or hosting.

Let me know what you think â€” happy to tweak it for you too ğŸ‘

â€” Jeremy Hill
Freelance Web Developer"
Trending Photography,067 004 2362,https://jeremyndebs.github.io/mockups/trending-photography/,"Hey,

I'm a freelance web developer and I noticed your business doesnâ€™t have a website â€” so I built a custom one for you:

ğŸ‘‰ https://jeremyndebs.github.io/mockups/trending-photography/

It's tailored for photographer in Cape Town and optimized to help you bring in more customers and show up in Google.

If you like it, I can launch it for just R2,500 â€” one-time payment, no monthly fees unless you want ongoing updates or hosting.

Let me know what you think â€” happy to tweak it for you too ğŸ‘

â€” Jeremy Hill
Freelance Web Developer"
Monica Dart Photography,082 787 6115,https://jeremyndebs.github.io/mockups/monica-dart-photography/,"Hey,

I'm a freelance web developer and I noticed your business doesnâ€™t have a website â€” so I built a custom one for you:

ğŸ‘‰ https://jeremyndebs.github.io/mockups/monica-dart-photography/

It's tailored for photographer in Cape Town and optimized to help you bring in more customers and show up in Google.

If you like it, I can launch it for just R2,500 â€” one-time payment, no monthly fees unless you want ongoing updates or hosting.

Let me know what you think â€” happy to tweak it for you too ğŸ‘

â€” Jeremy Hill
Freelance Web Developer"
The Headshot Studio,068 938 7330,https://jeremyndebs.github.io/mockups/the-headshot-studio/,"Hey,

I'm a freelance web developer and I noticed your business doesnâ€™t have a website â€” so I built a custom one for you:

ğŸ‘‰ https://jeremyndebs.github.io/mockups/the-headshot-studio/

It's tailored for photographer in Cape Town and optimized to help you bring in more customers and show up in Google.

If you like it, I can launch it for just R2,500 â€” one-time payment, no monthly fees unless you want ongoing updates or hosting.

Let me know what you think â€” happy to tweak it for you too ğŸ‘

â€” Jeremy Hill
Freelance Web Developer"
Kyle Kingsley Photography,076 633 1441,https://jeremyndebs.github.io/mockups/kyle-kingsley-photography/,"Hey,

I'm a freelance web developer and I noticed your business doesnâ€™t have a website â€” so I built a custom one for you:

ğŸ‘‰ https://jeremyndebs.github.io/mockups/kyle-kingsley-photography/

It's tailored for photographer in Cape Town and optimized to help you bring in more customers and show up in Google.

If you like it, I can launch it for just R2,500 â€” one-time payment, no monthly fees unless you want ongoing updates or hosting.

Let me know what you think â€” happy to tweak it for you too ğŸ‘

â€” Jeremy Hill
Freelance Web Developer"
Marike Herselman Photography,082 255 2741,https://jeremyndebs.github.io/mockups/marike-herselman-photography/,"Hey,

I'm a freelance web developer and I noticed your business doesnâ€™t have a website â€” so I built a custom one for you:

ğŸ‘‰ https://jeremyndebs.github.io/mockups/marike-herselman-photography/

It's tailored for photographer in Cape Town and optimized to help you bring in more customers and show up in Google.

If you like it, I can launch it for just R2,500 â€” one-time payment, no monthly fees unless you want ongoing updates or hosting.

Let me know what you think â€” happy to tweak it for you too ğŸ‘

â€” Jeremy Hill
Freelance Web Developer"
Studio C,067 931 4730,https://jeremyndebs.github.io/mockups/studio-c/,"Hey,

I'm a freelance web developer and I noticed your business doesnâ€™t have a website â€” so I built a custom one for you:

ğŸ‘‰ https://jeremyndebs.github.io/mockups/studio-c/

It's tailored for photographer in Cape Town and optimized to help you bring in more customers and show up in Google.

If you like it, I can launch it for just R2,500 â€” one-time payment, no monthly fees unless you want ongoing updates or hosting.

Let me know what you think â€” happy to tweak it for you too ğŸ‘

â€” Jeremy Hill
Freelance Web Developer"
Photography To Remember | Cape Town Photographer,084 619 9927,https://jeremyndebs.github.io/mockups/photography-to-remember--cape-town-photographer/,"Hey,

I'm a freelance web developer and I noticed your business doesnâ€™t have a website â€” so I built a custom one for you:

ğŸ‘‰ https://jeremyndebs.github.io/mockups/photography-to-remember--cape-town-photographer/

It's tailored for photographer in Cape Town and optimized to help you bring in more customers and show up in Google.

If you like it, I can launch it for just R2,500 â€” one-time payment, no monthly fees unless you want ongoing updates or hosting.

Let me know what you think â€” happy to tweak it for you too ğŸ‘

â€” Jeremy Hill
Freelance Web Developer"
TRU.U Cape Town,064 198 3442,https://jeremyndebs.github.io/mockups/truu-cape-town/,"Hey,

I'm a freelance web developer and I noticed your business doesnâ€™t have a website â€” so I built a custom one for you:

ğŸ‘‰ https://jeremyndebs.github.io/mockups/truu-cape-town/

It's tailored for photographer in Cape Town and optimized to help you bring in more customers and show up in Google.

If you like it, I can launch it for just R2,500 â€” one-time payment, no monthly fees unless you want ongoing updates or hosting.

Let me know what you think â€” happy to tweak it for you too ğŸ‘

â€” Jeremy Hill
Freelance Web Developer"